1E5,2.00
0.7 Black Pen,4.00
14B8 Refill,2.59
14K8,4.00
14M5 Refill,4.79
14R8,5.29
14S8,5.95
17C9,7.00
1B5,1.00
1B8,2.49
2B Pencil,1.00
2B5,5.00
2B8,8.50
A3 Clearfile,13.00
A4 Clearfile,7.50
A4 Refill,4.00
A4 Ringbinder,8.00
A4 Visual Diary,5.00
Ballpoint Pen,1.20
Coloured Pencils,7.00
Gluestick,4.00
Graphics Calculator,150.00
Graphics Envelope,5.00
Graphics Kit,100.00
Highlighter,2.00
Lined Refill,5.50
No.6 Brush,3.00
Protractor,1.30
Ruler,1.00
Scientific Calculator,34.00
Scissors,1.00
Subject Divider,5.00
Visual Diary,5.00